04_GS4_99_L_100,04_GS4_99_L_100_01_NRS_30.json
04_GS4_99_L_101,04_GS4_99_L_101_01_NRS_30.json
04_GS4_99_L_102,04_GS4_99_L_102_01_NRS_30.json
04_GS4_99_L_103,04_GS4_99_L_103_01_NRS_30.json
04_GS4_99_L_104,04_GS4_99_L_104_01_NRS_30.json
04_GS4_99_L_105,04_GS4_99_L_105_01_NRS_30.json
04_GS4_99_L_106,04_GS4_99_L_106_01_NRS_30.json
04_GS4_99_L_107,04_GS4_99_L_107_01_NRS_30.json
04_GS4_99_L_108,04_GS4_99_L_108_01_NRS_30.json
04_GS4_99_L_109,04_GS4_99_L_109_01_NRS_30.json
04_GS4_99_L_10,04_GS4_99_L_10_01_NRS_30.json
04_GS4_99_L_110,04_GS4_99_L_110_01_NRS_30.json
04_GS4_99_L_111,04_GS4_99_L_111_01_NRS_30.json
04_GS4_99_L_112,04_GS4_99_L_112_01_NRS_30.json
04_GS4_99_L_113,04_GS4_99_L_113_01_NRS_30.json
04_GS4_99_L_114,04_GS4_99_L_114_01_NRS_30.json
04_GS4_99_L_115,04_GS4_99_L_115_01_NRS_30.json
04_GS4_99_L_116,04_GS4_99_L_116_01_NRS_30.json
04_GS4_99_L_117,04_GS4_99_L_117_01_NRS_30.json
04_GS4_99_L_118,04_GS4_99_L_118_02_NRS_30.json
04_GS4_99_L_11,04_GS4_99_L_11_01_NRS_30.json
04_GS4_99_L_120,04_GS4_99_L_120_01_NRS_30.json
04_GS4_99_L_121,04_GS4_99_L_121_01_NRS_30.json
04_GS4_99_L_122,04_GS4_99_L_122_01_NRS_30.json
04_GS4_99_L_123,04_GS4_99_L_123_01_NRS_30.json
04_GS4_99_L_124,04_GS4_99_L_124_01_NRS_30.json
04_GS4_99_L_125,04_GS4_99_L_125_01_NRS_30.json
04_GS4_99_L_126,04_GS4_99_L_126_01_NRS_30.json
04_GS4_99_L_127,04_GS4_99_L_127_01_NRS_30.json
04_GS4_99_L_12,04_GS4_99_L_12_01_NRS_30.json
04_GS4_99_L_13,04_GS4_99_L_13_01_NRS_30.json
04_GS4_99_L_14,04_GS4_99_L_14_01_NRS_30.json
04_GS4_99_L_16,04_GS4_99_L_16_01_NRS_30.json
04_GS4_99_L_17,04_GS4_99_L_17_01_NRS_30.json
,04_GS4_99_L_17_02_NRS_30.json
04_GS4_99_L_18,04_GS4_99_L_18_01_NRS_30.json
04_GS4_99_L_19,04_GS4_99_L_19_01_NRS_30.json
04_GS4_99_L_1,04_GS4_99_L_1_01_NRS_30.json
,04_GS4_99_L_1_02_NRS_30.json
04_GS4_99_L_20,04_GS4_99_L_20_01_NRS_30.json
,04_GS4_99_L_20_02_NRS_30.json
04_GS4_99_L_21,04_GS4_99_L_21_01_NRS_30.json
,04_GS4_99_L_21_02_NRS_30.json
,04_GS4_99_L_21_03_NRS_30.json
04_GS4_99_L_22,04_GS4_99_L_22_01_NRS_30.json
,04_GS4_99_L_22_02_NRS_30.json
04_GS4_99_L_25,04_GS4_99_L_25_01_NRS_30.json
04_GS4_99_L_26,04_GS4_99_L_26_01_NRS_30.json
,04_GS4_99_L_26_02_NRS_30.json
04_GS4_99_L_27,04_GS4_99_L_27_01_NRS_30.json
04_GS4_99_L_28,04_GS4_99_L_28_01_NRS_30.json
04_GS4_99_L_29,04_GS4_99_L_29_01_NRS_30.json
04_GS4_99_L_2,04_GS4_99_L_2_01_NRS_30.json
04_GS4_99_L_30,04_GS4_99_L_30_01_NRS_30.json
,04_GS4_99_L_30_02_NRS_30.json
04_GS4_99_L_32,04_GS4_99_L_32_01_NRS_30.json
04_GS4_99_L_34,04_GS4_99_L_34_01_NRS_30.json
04_GS4_99_L_36,04_GS4_99_L_36_01_NRS_30.json
04_GS4_99_L_37,04_GS4_99_L_37_01_NRS_30.json
04_GS4_99_L_38,04_GS4_99_L_38_01_NRS_30.json
04_GS4_99_L_39,04_GS4_99_L_39_01_NRS_30.json
04_GS4_99_L_3,04_GS4_99_L_3_01_NRS_30.json
04_GS4_99_L_40,04_GS4_99_L_40_01_NRS_30.json
,04_GS4_99_L_40_02_NRS_30.json
04_GS4_99_L_41,04_GS4_99_L_41_01_NRS_30.json
04_GS4_99_L_42,04_GS4_99_L_42_01_NRS_30.json
04_GS4_99_L_43,04_GS4_99_L_43_01_NRS_30.json
04_GS4_99_L_44,04_GS4_99_L_44_01_NRS_30.json
04_GS4_99_L_45,04_GS4_99_L_45_01_NRS_30.json
04_GS4_99_L_46,04_GS4_99_L_46_01_NRS_30.json
04_GS4_99_L_47,04_GS4_99_L_47_01_NRS_30.json
,04_GS4_99_L_47_02_NRS_30.json
,04_GS4_99_L_47_03_NRS_30.json
04_GS4_99_L_48,04_GS4_99_L_48_01_NRS_30.json
04_GS4_99_L_49,04_GS4_99_L_49_01_NRS_30.json
,04_GS4_99_L_49_02_NRS_30.json
,04_GS4_99_L_49_03_NRS_30.json
,04_GS4_99_L_49_04_NRS_30.json
04_GS4_99_L_4,04_GS4_99_L_4_01_NRS_30.json
,04_GS4_99_L_4_02_NRS_30.json
,04_GS4_99_L_4_03_NRS_30.json
,04_GS4_99_L_4_04_NRS_30.json
04_GS4_99_L_50,04_GS4_99_L_50_01_NRS_30.json
04_GS4_99_L_51,04_GS4_99_L_51_01_NRS_30.json
,04_GS4_99_L_51_02_NRS_30.json
,04_GS4_99_L_51_03_NRS_30.json
04_GS4_99_L_52,04_GS4_99_L_52_01_NRS_30.json
,04_GS4_99_L_52_02_NRS_30.json
04_GS4_99_L_53,04_GS4_99_L_53_01_NRS_30.json
04_GS4_99_L_55,04_GS4_99_L_55_01_NRS_30.json
,04_GS4_99_L_55_02_NRS_30.json
,04_GS4_99_L_55_03_NRS_30.json
04_GS4_99_L_56,04_GS4_99_L_56_01_NRS_30.json
,04_GS4_99_L_56_02_NRS_30.json
04_GS4_99_L_57,04_GS4_99_L_57_01_NRS_30.json
04_GS4_99_L_58,04_GS4_99_L_58_01_NRS_30.json
,04_GS4_99_L_58_02_NRS_30.json
,04_GS4_99_L_58_03_NRS_30.json
04_GS4_99_L_59,04_GS4_99_L_59_01_NRS_30.json
04_GS4_99_L_5,04_GS4_99_L_5_01_NRS_30.json
,04_GS4_99_L_5_02_NRS_30.json
04_GS4_99_L_60,04_GS4_99_L_60_01_NRS_30.json
,04_GS4_99_L_60_02_NRS_30.json
04_GS4_99_L_61,04_GS4_99_L_61_01_NRS_30.json
,04_GS4_99_L_61_02_NRS_30.json
,04_GS4_99_L_61_03_NRS_30.json
04_GS4_99_L_62,04_GS4_99_L_62_01_NRS_30.json
04_GS4_99_L_63,04_GS4_99_L_63_01_NRS_30.json
04_GS4_99_L_64,04_GS4_99_L_64_01_NRS_30.json
04_GS4_99_L_65,04_GS4_99_L_65_01_NRS_30.json
,04_GS4_99_L_65_02_NRS_30.json
,04_GS4_99_L_65_03_NRS_30.json
,04_GS4_99_L_65_04_NRS_30.json
,04_GS4_99_L_65_05_NRS_30.json
04_GS4_99_L_66,04_GS4_99_L_66_01_NRS_30.json
04_GS4_99_L_67,04_GS4_99_L_67_01_NRS_30.json
,04_GS4_99_L_67_02_NRS_30.json
,04_GS4_99_L_67_03_NRS_30.json
04_GS4_99_L_68,04_GS4_99_L_68_01_NRS_30.json
04_GS4_99_L_69,04_GS4_99_L_69_01_NRS_30.json
04_GS4_99_L_6,04_GS4_99_L_6_01_NRS_30.json
04_GS4_99_L_70,04_GS4_99_L_70_01_NRS_30.json
,04_GS4_99_L_70_02_NRS_30.json
,04_GS4_99_L_70_03_NRS_30.json
04_GS4_99_L_71,04_GS4_99_L_71_01_NRS_30.json
04_GS4_99_L_72,04_GS4_99_L_72_01_NRS_30.json
04_GS4_99_L_73,04_GS4_99_L_73_01_NRS_30.json
04_GS4_99_L_74,04_GS4_99_L_74_01_NRS_30.json
,04_GS4_99_L_74_02_NRS_30.json
,04_GS4_99_L_74_03_NRS_30.json
04_GS4_99_L_75,04_GS4_99_L_75_01_NRS_30.json
04_GS4_99_L_76,04_GS4_99_L_76_01_NRS_30.json
04_GS4_99_L_77,04_GS4_99_L_77_01_NRS_30.json
,04_GS4_99_L_77_02_NRS_30.json
04_GS4_99_L_79,04_GS4_99_L_79_02_NRS_30.json
,04_GS4_99_L_79_03_NRS_30.json
04_GS4_99_L_7,04_GS4_99_L_7_01_NRS_30.json
04_GS4_99_L_80,04_GS4_99_L_80_01_NRS_30.json
04_GS4_99_L_81,04_GS4_99_L_81_01_NRS_30.json
,04_GS4_99_L_81_02_NRS_30.json
04_GS4_99_L_82,04_GS4_99_L_82_01_NRS_30.json
04_GS4_99_L_83,04_GS4_99_L_83_01_NRS_30.json
,04_GS4_99_L_83_02_NRS_30.json
,04_GS4_99_L_83_03_NRS_30.json
04_GS4_99_L_84,04_GS4_99_L_84_01_NRS_30.json
04_GS4_99_L_85,04_GS4_99_L_85_01_NRS_30.json
04_GS4_99_L_86,04_GS4_99_L_86_01_NRS_30.json
04_GS4_99_L_87,04_GS4_99_L_87_01_NRS_30.json
04_GS4_99_L_88,04_GS4_99_L_88_01_NRS_30.json
04_GS4_99_L_89,04_GS4_99_L_89_01_NRS_30.json
04_GS4_99_L_8,04_GS4_99_L_8_01_NRS_30.json
04_GS4_99_L_90,04_GS4_99_L_90_01_NRS_30.json
04_GS4_99_L_91,04_GS4_99_L_91_01_NRS_30.json
04_GS4_99_L_92,04_GS4_99_L_92_01_NRS_30.json
04_GS4_99_L_94,04_GS4_99_L_94_01_NRS_30.json
04_GS4_99_L_95,04_GS4_99_L_95_01_NRS_30.json
04_GS4_99_L_96,04_GS4_99_L_96_01_NRS_30.json
,04_GS4_99_L_96_02_NRS_30.json
,04_GS4_99_L_96_03_NRS_30.json
,04_GS4_99_L_96_04_NRS_30.json
04_GS4_99_L_97,04_GS4_99_L_97_01_NRS_30.json
04_GS4_99_L_98,04_GS4_99_L_98_01_NRS_30.json
04_GS4_99_L_99,04_GS4_99_L_99_01_NRS_30.json
04_GS4_99_L_9,04_GS4_99_L_9_01_NRS_30.json
