01_VIHUB1.2_A9_L_42,01_VIHUB1.2_A9_L_42_01_NRS_31.json
,01_VIHUB1.2_A9_L_42_02_NRS_31.json
01_VIHUB1.2_A9_L_43,01_VIHUB1.2_A9_L_43_01_NRS_31.json
,01_VIHUB1.2_A9_L_43_02_NRS_31.json
01_VIHUB1.2_A9_L_44,01_VIHUB1.2_A9_L_44_01_NRS_31.json
,01_VIHUB1.2_A9_L_44_02_NRS_31.json
,01_VIHUB1.2_A9_L_44_03_NRS_31.json
,01_VIHUB1.2_A9_L_44_04_NRS_31.json
01_VIHUB1.2_A9_L_46,01_VIHUB1.2_A9_L_46_01_NRS_31.json
,01_VIHUB1.2_A9_L_46_02_NRS_31.json
01_VIHUB1.2_A9_L_47,01_VIHUB1.2_A9_L_47_01_NRS_31.json
,01_VIHUB1.2_A9_L_47_02_NRS_31.json
,01_VIHUB1.2_A9_L_47_03_NRS_31.json
,01_VIHUB1.2_A9_L_47_04_NRS_31.json
01_VIHUB1.2_A9_L_48,01_VIHUB1.2_A9_L_48_01_NRS_31.json
,01_VIHUB1.2_A9_L_48_02_NRS_31.json
,01_VIHUB1.2_A9_L_48_03_NRS_31.json
01_VIHUB1.2_A9_L_49,01_VIHUB1.2_A9_L_49_01_NRS_31.json
,01_VIHUB1.2_A9_L_49_02_NRS_31.json
,01_VIHUB1.2_A9_L_49_03_NRS_31.json
01_VIHUB1.2_A9_L_50,01_VIHUB1.2_A9_L_50_01_NRS_31.json
,01_VIHUB1.2_A9_L_50_02_NRS_31.json
01_VIHUB1.2_A9_L_51,01_VIHUB1.2_A9_L_51_01_NRS_31.json
,01_VIHUB1.2_A9_L_51_02_NRS_31.json
,01_VIHUB1.2_A9_L_51_03_NRS_31.json
01_VIHUB1.2_A9_L_52,01_VIHUB1.2_A9_L_52_01_NRS_31.json
,01_VIHUB1.2_A9_L_52_02_NRS_31.json
,01_VIHUB1.2_A9_L_52_03_NRS_31.json
01_VIHUB1.2_A9_L_53,01_VIHUB1.2_A9_L_53_01_NRS_31.json
,01_VIHUB1.2_A9_L_53_02_NRS_31.json
,01_VIHUB1.2_A9_L_53_03_NRS_31.json
