01_VIHUB1.2_A9_L_13,01_VIHUB1.2_A9_L_13_01_NRS_31.json
,01_VIHUB1.2_A9_L_13_02_NRS_31.json
,01_VIHUB1.2_A9_L_13_03_NRS_31.json
01_VIHUB1.2_A9_L_14,01_VIHUB1.2_A9_L_14_01_NRS_31.json
,01_VIHUB1.2_A9_L_14_02_NRS_31.json
,01_VIHUB1.2_A9_L_14_03_NRS_31.json
01_VIHUB1.2_A9_L_15,01_VIHUB1.2_A9_L_15_01_NRS_31.json
01_VIHUB1.2_A9_L_16,01_VIHUB1.2_A9_L_16_01_NRS_31.json
,01_VIHUB1.2_A9_L_16_02_NRS_31.json
,01_VIHUB1.2_A9_L_16_03_NRS_31.json
01_VIHUB1.2_A9_L_18,01_VIHUB1.2_A9_L_18_01_NRS_31.json
,01_VIHUB1.2_A9_L_18_02_NRS_31.json
01_VIHUB1.2_A9_L_19,01_VIHUB1.2_A9_L_19_01_NRS_31.json
,01_VIHUB1.2_A9_L_19_02_NRS_31.json
,01_VIHUB1.2_A9_L_19_03_NRS_31.json
01_VIHUB1.2_A9_L_20,01_VIHUB1.2_A9_L_20_01_NRS_31.json
,01_VIHUB1.2_A9_L_20_02_NRS_31.json
,01_VIHUB1.2_A9_L_20_03_NRS_31.json
01_VIHUB1.2_A9_L_21,01_VIHUB1.2_A9_L_21_01_NRS_31.json
,01_VIHUB1.2_A9_L_21_02_NRS_31.json
01_VIHUB1.2_A9_L_22,01_VIHUB1.2_A9_L_22_01_NRS_31.json
,01_VIHUB1.2_A9_L_22_02_NRS_31.json
,01_VIHUB1.2_A9_L_22_03_NRS_31.json
01_VIHUB1.2_A9_L_23,01_VIHUB1.2_A9_L_23_01_NRS_31.json
,01_VIHUB1.2_A9_L_23_02_NRS_31.json
,01_VIHUB1.2_A9_L_23_03_NRS_31.json
01_VIHUB1.2_A9_L_24,01_VIHUB1.2_A9_L_24_01_NRS_31.json
,01_VIHUB1.2_A9_L_24_02_NRS_31.json
01_VIHUB1.2_A9_L_25,01_VIHUB1.2_A9_L_25_01_NRS_31.json
,01_VIHUB1.2_A9_L_25_02_NRS_31.json
01_VIHUB1.2_A9_L_26,01_VIHUB1.2_A9_L_26_01_NRS_31.json
01_VIHUB1.2_A9_L_27,01_VIHUB1.2_A9_L_27_01_NRS_31.json
01_VIHUB1.2_A9_L_29,01_VIHUB1.2_A9_L_29_01_NRS_31.json
,01_VIHUB1.2_A9_L_29_02_NRS_31.json
01_VIHUB1.2_A9_L_30,01_VIHUB1.2_A9_L_30_01_NRS_31.json
,01_VIHUB1.2_A9_L_30_02_NRS_31.json
01_VIHUB1.2_A9_L_31,01_VIHUB1.2_A9_L_31_01_NRS_31.json
,01_VIHUB1.2_A9_L_31_02_NRS_31.json
,01_VIHUB1.2_A9_L_31_03_NRS_31.json
01_VIHUB1.2_A9_L_32,01_VIHUB1.2_A9_L_32_01_NRS_31.json
,01_VIHUB1.2_A9_L_32_02_NRS_31.json
,01_VIHUB1.2_A9_L_32_03_NRS_31.json
01_VIHUB1.2_A9_L_33,01_VIHUB1.2_A9_L_33_01_NRS_31.json
,01_VIHUB1.2_A9_L_33_02_NRS_31.json
,01_VIHUB1.2_A9_L_33_03_NRS_31.json
01_VIHUB1.2_A9_L_34,01_VIHUB1.2_A9_L_34_01_NRS_31.json
,01_VIHUB1.2_A9_L_34_02_NRS_31.json
01_VIHUB1.2_A9_L_35,01_VIHUB1.2_A9_L_35_01_NRS_31.json
,01_VIHUB1.2_A9_L_35_02_NRS_31.json
01_VIHUB1.2_A9_L_36,01_VIHUB1.2_A9_L_36_01_NRS_31.json
,01_VIHUB1.2_A9_L_36_02_NRS_31.json
01_VIHUB1.2_A9_L_37,01_VIHUB1.2_A9_L_37_01_NRS_31.json
,01_VIHUB1.2_A9_L_37_02_NRS_31.json
,01_VIHUB1.2_A9_L_37_03_NRS_31.json
01_VIHUB1.2_A9_L_38,01_VIHUB1.2_A9_L_38_01_NRS_31.json
,01_VIHUB1.2_A9_L_38_02_NRS_31.json
,01_VIHUB1.2_A9_L_38_03_NRS_31.json
01_VIHUB1.2_A9_L_39,01_VIHUB1.2_A9_L_39_01_NRS_31.json
,01_VIHUB1.2_A9_L_39_02_NRS_31.json
,01_VIHUB1.2_A9_L_39_03_NRS_31.json
01_VIHUB1.2_A9_L_40,01_VIHUB1.2_A9_L_40_01_NRS_31.json
,01_VIHUB1.2_A9_L_40_02_NRS_31.json
,01_VIHUB1.2_A9_L_40_03_NRS_31.json
,01_VIHUB1.2_A9_L_40_04_NRS_31.json
,01_VIHUB1.2_A9_L_40_05_NRS_31.json
01_VIHUB1.2_A9_L_41,01_VIHUB1.2_A9_L_41_01_NRS_31.json
01_VIHUB1.2_B4_L_100,01_VIHUB1.2_B4_L_100_01_NRS_31.json
01_VIHUB1.2_B4_L_101,01_VIHUB1.2_B4_L_101_01_NRS_31.json
01_VIHUB1.2_B4_L_102,01_VIHUB1.2_B4_L_102_01_NRS_31.json
,01_VIHUB1.2_B4_L_102_02_NRS_31.json
,01_VIHUB1.2_B4_L_102_03_NRS_31.json
01_VIHUB1.2_B4_L_103,01_VIHUB1.2_B4_L_103_01_NRS_31.json
01_VIHUB1.2_B4_L_104,01_VIHUB1.2_B4_L_104_01_NRS_31.json
01_VIHUB1.2_B4_L_105,01_VIHUB1.2_B4_L_105_01_NRS_31.json
,01_VIHUB1.2_B4_L_105_02_NRS_31.json
,01_VIHUB1.2_B4_L_105_03_NRS_31.json
,01_VIHUB1.2_B4_L_105_04_NRS_31.json
01_VIHUB1.2_B4_L_106,01_VIHUB1.2_B4_L_106_01_NRS_31.json
01_VIHUB1.2_B4_L_107,01_VIHUB1.2_B4_L_107_01_NRS_31.json
,01_VIHUB1.2_B4_L_107_02_NRS_31.json
01_VIHUB1.2_B4_L_108,01_VIHUB1.2_B4_L_108_01_NRS_31.json
,01_VIHUB1.2_B4_L_108_02_NRS_31.json
,01_VIHUB1.2_B4_L_108_03_NRS_31.json
,01_VIHUB1.2_B4_L_108_04_NRS_31.json
,01_VIHUB1.2_B4_L_108_05_NRS_31.json
01_VIHUB1.2_B4_L_109,01_VIHUB1.2_B4_L_109_01_NRS_31.json
01_VIHUB1.2_B4_L_110,01_VIHUB1.2_B4_L_110_01_NRS_31.json
,01_VIHUB1.2_B4_L_110_02_NRS_31.json
,01_VIHUB1.2_B4_L_110_03_NRS_31.json
,01_VIHUB1.2_B4_L_110_04_NRS_31.json
01_VIHUB1.2_B4_L_111,01_VIHUB1.2_B4_L_111_01_NRS_31.json
,01_VIHUB1.2_B4_L_111_02_NRS_31.json
,01_VIHUB1.2_B4_L_111_03_NRS_31.json
01_VIHUB1.2_B4_L_112,01_VIHUB1.2_B4_L_112_01_NRS_31.json
01_VIHUB1.2_B4_L_113,01_VIHUB1.2_B4_L_113_01_NRS_31.json
,01_VIHUB1.2_B4_L_113_02_NRS_31.json
01_VIHUB1.2_B4_L_114,01_VIHUB1.2_B4_L_114_01_NRS_31.json
,01_VIHUB1.2_B4_L_114_02_NRS_31.json
01_VIHUB1.2_B4_L_115,01_VIHUB1.2_B4_L_115_01_NRS_31.json
,01_VIHUB1.2_B4_L_115_02_NRS_31.json
01_VIHUB1.2_B4_L_116,01_VIHUB1.2_B4_L_116_01_NRS_31.json
,01_VIHUB1.2_B4_L_116_02_NRS_31.json
01_VIHUB1.2_B4_L_117,01_VIHUB1.2_B4_L_117_01_NRS_31.json
,01_VIHUB1.2_B4_L_117_02_NRS_31.json
,01_VIHUB1.2_B4_L_117_03_NRS_31.json
01_VIHUB1.2_B4_L_118,01_VIHUB1.2_B4_L_118_01_NRS_31.json
,01_VIHUB1.2_B4_L_118_02_NRS_31.json
,01_VIHUB1.2_B4_L_118_03_NRS_31.json
01_VIHUB1.2_B4_L_119,01_VIHUB1.2_B4_L_119_01_NRS_32.json
01_VIHUB1.2_B4_L_120,01_VIHUB1.2_B4_L_120_01_NRS_31.json
,01_VIHUB1.2_B4_L_120_02_NRS_31.json
,01_VIHUB1.2_B4_L_120_03_NRS_31.json
,01_VIHUB1.2_B4_L_120_04_NRS_31.json
,01_VIHUB1.2_B4_L_120_05_NRS_31.json
01_VIHUB1.2_B4_L_121,01_VIHUB1.2_B4_L_121_01_NRS_31.json
,01_VIHUB1.2_B4_L_121_02_NRS_31.json
,01_VIHUB1.2_B4_L_121_03_NRS_31.json
01_VIHUB1.2_B4_L_122,01_VIHUB1.2_B4_L_122_01_NRS_31.json
,01_VIHUB1.2_B4_L_122_02_NRS_31.json
,01_VIHUB1.2_B4_L_122_03_NRS_31.json
01_VIHUB1.2_B4_L_123,01_VIHUB1.2_B4_L_123_01_NRS_31.json
,01_VIHUB1.2_B4_L_123_02_NRS_31.json
01_VIHUB1.2_B4_L_124,01_VIHUB1.2_B4_L_124_01_NRS_31.json
,01_VIHUB1.2_B4_L_124_02_NRS_31.json
01_VIHUB1.2_B4_L_125,01_VIHUB1.2_B4_L_125_01_NRS_31.json
,01_VIHUB1.2_B4_L_125_02_NRS_31.json
01_VIHUB1.2_B4_L_126,01_VIHUB1.2_B4_L_126_01_NRS_31.json
,01_VIHUB1.2_B4_L_126_02_NRS_31.json
,01_VIHUB1.2_B4_L_126_03_NRS_31.json
01_VIHUB1.2_B4_L_127,01_VIHUB1.2_B4_L_127_01_NRS_31.json
,01_VIHUB1.2_B4_L_127_02_NRS_31.json
,01_VIHUB1.2_B4_L_127_03_NRS_31.json
,01_VIHUB1.2_B4_L_127_04_NRS_31.json
01_VIHUB1.2_B4_L_128,01_VIHUB1.2_B4_L_128_01_NRS_31.json
,01_VIHUB1.2_B4_L_128_02_NRS_31.json
,01_VIHUB1.2_B4_L_128_03_NRS_31.json
,01_VIHUB1.2_B4_L_128_04_NRS_31.json
,01_VIHUB1.2_B4_L_128_05_NRS_31.json
01_VIHUB1.2_B4_L_129,01_VIHUB1.2_B4_L_129_01_NRS_31.json
,01_VIHUB1.2_B4_L_129_02_NRS_31.json
,01_VIHUB1.2_B4_L_129_03_NRS_31.json
,01_VIHUB1.2_B4_L_129_04_NRS_31.json
,01_VIHUB1.2_B4_L_129_05_NRS_31.json
,01_VIHUB1.2_B4_L_129_06_NRS_31.json
01_VIHUB1.2_B4_L_130,01_VIHUB1.2_B4_L_130_01_NRS_31.json
01_VIHUB1.2_B4_L_131,01_VIHUB1.2_B4_L_131_01_NRS_31.json
,01_VIHUB1.2_B4_L_131_02_NRS_31.json
,01_VIHUB1.2_B4_L_131_03_NRS_31.json
,01_VIHUB1.2_B4_L_131_04_NRS_31.json
,01_VIHUB1.2_B4_L_131_05_NRS_31.json
01_VIHUB1.2_B4_L_132,01_VIHUB1.2_B4_L_132_01_NRS_31.json
01_VIHUB1.2_B4_L_133,01_VIHUB1.2_B4_L_133_01_NRS_31.json
01_VIHUB1.2_B4_L_134,01_VIHUB1.2_B4_L_134_01_NRS_31.json
,01_VIHUB1.2_B4_L_134_02_NRS_31.json
01_VIHUB1.2_B4_L_135,01_VIHUB1.2_B4_L_135_01_NRS_31.json
01_VIHUB1.2_B4_L_136,01_VIHUB1.2_B4_L_136_01_NRS_31.json
01_VIHUB1.2_B4_L_137,01_VIHUB1.2_B4_L_137_01_NRS_31.json
01_VIHUB1.2_B4_L_138,01_VIHUB1.2_B4_L_138_01_NRS_31.json
,01_VIHUB1.2_B4_L_138_02_NRS_31.json
,01_VIHUB1.2_B4_L_138_03_NRS_31.json
,01_VIHUB1.2_B4_L_138_04_NRS_31.json
01_VIHUB1.2_B4_L_139,01_VIHUB1.2_B4_L_139_01_NRS_31.json
,01_VIHUB1.2_B4_L_139_02_NRS_31.json
01_VIHUB1.2_B4_L_140,01_VIHUB1.2_B4_L_140_01_NRS_31.json
,01_VIHUB1.2_B4_L_140_02_NRS_31.json
01_VIHUB1.2_B4_L_141,01_VIHUB1.2_B4_L_141_01_NRS_31.json
,01_VIHUB1.2_B4_L_141_02_NRS_31.json
,01_VIHUB1.2_B4_L_141_03_NRS_31.json
,01_VIHUB1.2_B4_L_141_04_NRS_31.json
,01_VIHUB1.2_B4_L_141_05_NRS_31.json
01_VIHUB1.2_B4_L_142,01_VIHUB1.2_B4_L_142_01_NRS_31.json
01_VIHUB1.2_B4_L_143,01_VIHUB1.2_B4_L_143_01_NRS_31.json
01_VIHUB1.2_B4_L_144,01_VIHUB1.2_B4_L_144_01_NRS_31.json
,01_VIHUB1.2_B4_L_144_02_NRS_31.json
01_VIHUB1.2_B4_L_145,01_VIHUB1.2_B4_L_145_01_NRS_31.json
,01_VIHUB1.2_B4_L_145_02_NRS_31.json
,01_VIHUB1.2_B4_L_145_03_NRS_31.json
,01_VIHUB1.2_B4_L_145_04_NRS_31.json
01_VIHUB1.2_B4_L_146,01_VIHUB1.2_B4_L_146_01_NRS_31.json
,01_VIHUB1.2_B4_L_146_02_NRS_31.json
01_VIHUB1.2_B4_L_147,01_VIHUB1.2_B4_L_147_01_NRS_31.json
,01_VIHUB1.2_B4_L_147_02_NRS_31.json
,01_VIHUB1.2_B4_L_147_03_NRS_31.json
01_VIHUB1.2_B4_L_148,01_VIHUB1.2_B4_L_148_01_NRS_31.json
01_VIHUB1.2_B4_L_149,01_VIHUB1.2_B4_L_149_01_NRS_31.json
,01_VIHUB1.2_B4_L_149_02_NRS_31.json
,01_VIHUB1.2_B4_L_149_03_NRS_31.json
,01_VIHUB1.2_B4_L_149_04_NRS_31.json
01_VIHUB1.2_B4_L_150,01_VIHUB1.2_B4_L_150_01_NRS_31.json
,01_VIHUB1.2_B4_L_150_02_NRS_31.json
,01_VIHUB1.2_B4_L_150_03_NRS_31.json
,01_VIHUB1.2_B4_L_150_04_NRS_31.json
01_VIHUB1.2_B4_L_151,01_VIHUB1.2_B4_L_151_01_NRS_31.json
,01_VIHUB1.2_B4_L_151_02_NRS_31.json
01_VIHUB1.2_B4_L_152,01_VIHUB1.2_B4_L_152_01_NRS_31.json
,01_VIHUB1.2_B4_L_152_02_NRS_31.json
01_VIHUB1.2_B4_L_153,01_VIHUB1.2_B4_L_153_01_NRS_31.json
,01_VIHUB1.2_B4_L_153_02_NRS_31.json
01_VIHUB1.2_B4_L_154,01_VIHUB1.2_B4_L_154_01_NRS_31.json
,01_VIHUB1.2_B4_L_154_02_NRS_31.json
,01_VIHUB1.2_B4_L_154_03_NRS_31.json
01_VIHUB1.2_B4_L_155,01_VIHUB1.2_B4_L_155_01_NRS_31.json
01_VIHUB1.2_B4_L_75,01_VIHUB1.2_B4_L_75_01_NRS_31.json
,01_VIHUB1.2_B4_L_75_02_NRS_31.json
,01_VIHUB1.2_B4_L_75_03_NRS_31.json
01_VIHUB1.2_B4_L_76,01_VIHUB1.2_B4_L_76_01_NRS_31.json
01_VIHUB1.2_B4_L_77,01_VIHUB1.2_B4_L_77_01_NRS_31.json
,01_VIHUB1.2_B4_L_77_02_NRS_31.json
01_VIHUB1.2_B4_L_79,01_VIHUB1.2_B4_L_79_01_NRS_31.json
,01_VIHUB1.2_B4_L_79_02_NRS_31.json
,01_VIHUB1.2_B4_L_79_03_NRS_31.json
,01_VIHUB1.2_B4_L_79_04_NRS_31.json
,01_VIHUB1.2_B4_L_79_05_NRS_31.json
01_VIHUB1.2_B4_L_80,01_VIHUB1.2_B4_L_80_01_NRS_31.json
,01_VIHUB1.2_B4_L_80_02_NRS_31.json
,01_VIHUB1.2_B4_L_80_03_NRS_31.json
,01_VIHUB1.2_B4_L_80_04_NRS_31.json
01_VIHUB1.2_B4_L_81,01_VIHUB1.2_B4_L_81_01_NRS_31.json
,01_VIHUB1.2_B4_L_81_02_NRS_31.json
01_VIHUB1.2_B4_L_82,01_VIHUB1.2_B4_L_82_01_NRS_31.json
01_VIHUB1.2_B4_L_83,01_VIHUB1.2_B4_L_83_01_NRS_31.json
,01_VIHUB1.2_B4_L_83_02_NRS_31.json
,01_VIHUB1.2_B4_L_83_03_NRS_31.json
01_VIHUB1.2_B4_L_84,01_VIHUB1.2_B4_L_84_01_NRS_31.json
,01_VIHUB1.2_B4_L_84_02_NRS_31.json
01_VIHUB1.2_B4_L_85,01_VIHUB1.2_B4_L_85_01_NRS_31.json
01_VIHUB1.2_B4_L_86,01_VIHUB1.2_B4_L_86_01_NRS_31.json
01_VIHUB1.2_B4_L_87,01_VIHUB1.2_B4_L_87_01_NRS_31.json
,01_VIHUB1.2_B4_L_87_02_NRS_31.json
,01_VIHUB1.2_B4_L_87_03_NRS_31.json
01_VIHUB1.2_B4_L_88,01_VIHUB1.2_B4_L_88_01_NRS_31.json
,01_VIHUB1.2_B4_L_88_02_NRS_31.json
,01_VIHUB1.2_B4_L_88_03_NRS_31.json
01_VIHUB1.2_B4_L_89,01_VIHUB1.2_B4_L_89_01_NRS_31.json
,01_VIHUB1.2_B4_L_89_02_NRS_31.json
,01_VIHUB1.2_B4_L_89_03_NRS_31.json
01_VIHUB1.2_B4_L_90,01_VIHUB1.2_B4_L_90_01_NRS_31.json
,01_VIHUB1.2_B4_L_90_02_NRS_31.json
01_VIHUB1.2_B4_L_91,01_VIHUB1.2_B4_L_91_01_NRS_31.json
01_VIHUB1.2_B4_L_92,01_VIHUB1.2_B4_L_92_01_NRS_31.json
,01_VIHUB1.2_B4_L_92_02_NRS_31.json
,01_VIHUB1.2_B4_L_92_03_NRS_31.json
,01_VIHUB1.2_B4_L_92_04_NRS_31.json
,01_VIHUB1.2_B4_L_92_05_NRS_31.json
01_VIHUB1.2_B4_L_93,01_VIHUB1.2_B4_L_93_01_NRS_31.json
01_VIHUB1.2_B4_L_94,01_VIHUB1.2_B4_L_94_01_NRS_31.json
,01_VIHUB1.2_B4_L_94_02_NRS_31.json
,01_VIHUB1.2_B4_L_94_03_NRS_31.json
,01_VIHUB1.2_B4_L_94_04_NRS_31.json
,01_VIHUB1.2_B4_L_94_05_NRS_31.json
01_VIHUB1.2_B4_L_95,01_VIHUB1.2_B4_L_95_01_NRS_31.json
,01_VIHUB1.2_B4_L_95_02_NRS_31.json
,01_VIHUB1.2_B4_L_95_03_NRS_31.json
,01_VIHUB1.2_B4_L_95_04_NRS_31.json
01_VIHUB1.2_B4_L_96,01_VIHUB1.2_B4_L_96_01_NRS_31.json
,01_VIHUB1.2_B4_L_96_02_NRS_31.json
01_VIHUB1.2_B4_L_98,01_VIHUB1.2_B4_L_98_01_NRS_31.json
,01_VIHUB1.2_B4_L_98_02_NRS_31.json
01_VIHUB1.2_B4_L_99,01_VIHUB1.2_B4_L_99_01_NRS_31.json
