01_VIHUB1.2_A9_L_2,01_VIHUB1.2_A9_L_2_01_NRS_12.json
,01_VIHUB1.2_A9_L_2_02_NRS_12.json
01_VIHUB1.2_A9_L_3,01_VIHUB1.2_A9_L_3_01_NRS_12.json
,01_VIHUB1.2_A9_L_3_02_NRS_12.json
,01_VIHUB1.2_A9_L_3_03_NRS_12.json
01_VIHUB1.2_A9_L_4,01_VIHUB1.2_A9_L_4_01_NRS_12.json
,01_VIHUB1.2_A9_L_4_02_NRS_12.json
,01_VIHUB1.2_A9_L_4_03_NRS_12.json
01_VIHUB1.2_A9_L_5,01_VIHUB1.2_A9_L_5_01_NRS_12.json
,01_VIHUB1.2_A9_L_5_02_NRS_12.json
01_VIHUB1.2_A9_L_6,01_VIHUB1.2_A9_L_6_01_NRS_12.json
,01_VIHUB1.2_A9_L_6_02_NRS_12.json
,01_VIHUB1.2_A9_L_6_03_NRS_12.json
01_VIHUB1.2_B4_L_10,01_VIHUB1.2_B4_L_10_01_NRS_12.json
,01_VIHUB1.2_B4_L_10_02_NRS_12.json
01_VIHUB1.2_B4_L_11,01_VIHUB1.2_B4_L_11_01_NRS_12.json
,01_VIHUB1.2_B4_L_11_02_NRS_12.json
,01_VIHUB1.2_B4_L_11_03_NRS_12.json
,01_VIHUB1.2_B4_L_11_04_NRS_12.json
01_VIHUB1.2_B4_L_12,01_VIHUB1.2_B4_L_12_01_NRS_12.json
,01_VIHUB1.2_B4_L_12_02_NRS_12.json
01_VIHUB1.2_B4_L_13,01_VIHUB1.2_B4_L_13_01_NRS_12.json
,01_VIHUB1.2_B4_L_13_02_NRS_12.json
,01_VIHUB1.2_B4_L_13_03_NRS_12.json
01_VIHUB1.2_B4_L_14,01_VIHUB1.2_B4_L_14_01_NRS_12.json
01_VIHUB1.2_B4_L_15,01_VIHUB1.2_B4_L_15_01_NRS_12.json
,01_VIHUB1.2_B4_L_15_02_NRS_12.json
,01_VIHUB1.2_B4_L_15_03_NRS_12.json
01_VIHUB1.2_B4_L_16,01_VIHUB1.2_B4_L_16_01_NRS_12.json
01_VIHUB1.2_B4_L_17,01_VIHUB1.2_B4_L_17_01_NRS_12.json
,01_VIHUB1.2_B4_L_17_02_NRS_12.json
01_VIHUB1.2_B4_L_18,01_VIHUB1.2_B4_L_18_01_NRS_12.json
,01_VIHUB1.2_B4_L_18_02_NRS_12.json
,01_VIHUB1.2_B4_L_18_03_NRS_12.json
01_VIHUB1.2_B4_L_19,01_VIHUB1.2_B4_L_19_01_NRS_12.json
,01_VIHUB1.2_B4_L_19_02_NRS_12.json
,01_VIHUB1.2_B4_L_19_03_NRS_12.json
01_VIHUB1.2_B4_L_1,01_VIHUB1.2_B4_L_1_01_NRS_12.json
,01_VIHUB1.2_B4_L_1_02_NRS_12.json
,01_VIHUB1.2_B4_L_1_03_NRS_12.json
,01_VIHUB1.2_B4_L_1_04_NRS_12.json
01_VIHUB1.2_B4_L_20,01_VIHUB1.2_B4_L_20_01_NRS_12.json
,01_VIHUB1.2_B4_L_20_02_NRS_12.json
01_VIHUB1.2_B4_L_21,01_VIHUB1.2_B4_L_21_01_NRS_12.json
,01_VIHUB1.2_B4_L_21_02_NRS_12.json
,01_VIHUB1.2_B4_L_21_03_NRS_12.json
01_VIHUB1.2_B4_L_22,01_VIHUB1.2_B4_L_22_01_NRS_12.json
01_VIHUB1.2_B4_L_23,01_VIHUB1.2_B4_L_23_01_NRS_12.json
01_VIHUB1.2_B4_L_24,01_VIHUB1.2_B4_L_24_01_NRS_12.json
01_VIHUB1.2_B4_L_25,01_VIHUB1.2_B4_L_25_01_NRS_12.json
,01_VIHUB1.2_B4_L_25_02_NRS_12.json
01_VIHUB1.2_B4_L_26,01_VIHUB1.2_B4_L_26_01_NRS_12.json
,01_VIHUB1.2_B4_L_26_02_NRS_12.json
01_VIHUB1.2_B4_L_27,01_VIHUB1.2_B4_L_27_01_NRS_12.json
,01_VIHUB1.2_B4_L_27_02_NRS_12.json
,01_VIHUB1.2_B4_L_27_03_NRS_12.json
01_VIHUB1.2_B4_L_28,01_VIHUB1.2_B4_L_28_01_NRS_12.json
01_VIHUB1.2_B4_L_29,01_VIHUB1.2_B4_L_29_01_NRS_12.json
01_VIHUB1.2_B4_L_2,01_VIHUB1.2_B4_L_2_01_NRS_12.json
,01_VIHUB1.2_B4_L_2_02_NRS_12.json
01_VIHUB1.2_B4_L_30,01_VIHUB1.2_B4_L_30_01_NRS_12.json
,01_VIHUB1.2_B4_L_30_02_NRS_12.json
01_VIHUB1.2_B4_L_31,01_VIHUB1.2_B4_L_31_01_NRS_12.json
,01_VIHUB1.2_B4_L_31_02_NRS_12.json
01_VIHUB1.2_B4_L_33,01_VIHUB1.2_B4_L_33_01_NRS_12.json
01_VIHUB1.2_B4_L_34,01_VIHUB1.2_B4_L_34_01_NRS_12.json
01_VIHUB1.2_B4_L_35,01_VIHUB1.2_B4_L_35_01_NRS_12.json
,01_VIHUB1.2_B4_L_35_02_NRS_12.json
,01_VIHUB1.2_B4_L_35_03_NRS_12.json
01_VIHUB1.2_B4_L_36,01_VIHUB1.2_B4_L_36_01_NRS_12.json
,01_VIHUB1.2_B4_L_36_02_NRS_12.json
,01_VIHUB1.2_B4_L_36_03_NRS_12.json
,01_VIHUB1.2_B4_L_36_04_NRS_12.json
01_VIHUB1.2_B4_L_37,01_VIHUB1.2_B4_L_37_01_NRS_12.json
01_VIHUB1.2_B4_L_3,01_VIHUB1.2_B4_L_3_01_NRS_12.json
,01_VIHUB1.2_B4_L_3_02_NRS_12.json
,01_VIHUB1.2_B4_L_3_03_NRS_12.json
01_VIHUB1.2_B4_L_4,01_VIHUB1.2_B4_L_4_01_NRS_12.json
,01_VIHUB1.2_B4_L_4_02_NRS_12.json
,01_VIHUB1.2_B4_L_4_03_NRS_12.json
,01_VIHUB1.2_B4_L_4_04_NRS_12.json
01_VIHUB1.2_B4_L_5,01_VIHUB1.2_B4_L_5_01_NRS_12.json
01_VIHUB1.2_B4_L_6,01_VIHUB1.2_B4_L_6_01_NRS_12.json
,01_VIHUB1.2_B4_L_6_02_NRS_12.json
01_VIHUB1.2_B4_L_7,01_VIHUB1.2_B4_L_7_01_NRS_12.json
,01_VIHUB1.2_B4_L_7_02_NRS_12.json
01_VIHUB1.2_B4_L_8,01_VIHUB1.2_B4_L_8_01_NRS_12.json
,01_VIHUB1.2_B4_L_8_02_NRS_12.json
01_VIHUB1.2_B4_L_9,01_VIHUB1.2_B4_L_9_01_NRS_12.json
,01_VIHUB1.2_B4_L_9_02_NRS_12.json
,01_VIHUB1.2_B4_L_9_03_NRS_12.json
01_VIHUB1.2_B5_L_9,01_VIHUB1.2_B5_L_9_01_NRS_12.json
