01_VIHUB1.2_A9_L_42,01_VIHUB1.2_A9_L_42_01
,01_VIHUB1.2_A9_L_42_02
01_VIHUB1.2_A9_L_43,01_VIHUB1.2_A9_L_43_01
,01_VIHUB1.2_A9_L_43_02
01_VIHUB1.2_A9_L_44,01_VIHUB1.2_A9_L_44_01
,01_VIHUB1.2_A9_L_44_02
,01_VIHUB1.2_A9_L_44_03
,01_VIHUB1.2_A9_L_44_04
01_VIHUB1.2_A9_L_46,01_VIHUB1.2_A9_L_46_01
,01_VIHUB1.2_A9_L_46_02
01_VIHUB1.2_A9_L_47,01_VIHUB1.2_A9_L_47_01
,01_VIHUB1.2_A9_L_47_02
,01_VIHUB1.2_A9_L_47_03
,01_VIHUB1.2_A9_L_47_04
01_VIHUB1.2_A9_L_48,01_VIHUB1.2_A9_L_48_01
,01_VIHUB1.2_A9_L_48_02
,01_VIHUB1.2_A9_L_48_03
01_VIHUB1.2_A9_L_49,01_VIHUB1.2_A9_L_49_01
,01_VIHUB1.2_A9_L_49_02
,01_VIHUB1.2_A9_L_49_03
01_VIHUB1.2_A9_L_50,01_VIHUB1.2_A9_L_50_01
,01_VIHUB1.2_A9_L_50_02
01_VIHUB1.2_A9_L_51,01_VIHUB1.2_A9_L_51_01
,01_VIHUB1.2_A9_L_51_02
,01_VIHUB1.2_A9_L_51_03
01_VIHUB1.2_A9_L_52,01_VIHUB1.2_A9_L_52_01
,01_VIHUB1.2_A9_L_52_02
,01_VIHUB1.2_A9_L_52_03
01_VIHUB1.2_A9_L_53,01_VIHUB1.2_A9_L_53_01
,01_VIHUB1.2_A9_L_53_02
,01_VIHUB1.2_A9_L_53_03
