01_VIHUB1.2_A9_L_2,01_VIHUB1.2_A9_L_2_01
,01_VIHUB1.2_A9_L_2_02
01_VIHUB1.2_A9_L_3,01_VIHUB1.2_A9_L_3_01
,01_VIHUB1.2_A9_L_3_02
,01_VIHUB1.2_A9_L_3_03
01_VIHUB1.2_A9_L_4,01_VIHUB1.2_A9_L_4_01
,01_VIHUB1.2_A9_L_4_02
,01_VIHUB1.2_A9_L_4_03
01_VIHUB1.2_A9_L_5,01_VIHUB1.2_A9_L_5_01
,01_VIHUB1.2_A9_L_5_02
01_VIHUB1.2_A9_L_6,01_VIHUB1.2_A9_L_6_01
,01_VIHUB1.2_A9_L_6_02
,01_VIHUB1.2_A9_L_6_03
01_VIHUB1.2_B4_L_1,01_VIHUB1.2_B4_L_1_01
,01_VIHUB1.2_B4_L_1_02
,01_VIHUB1.2_B4_L_1_03
,01_VIHUB1.2_B4_L_1_04
01_VIHUB1.2_B4_L_10,01_VIHUB1.2_B4_L_10_01
,01_VIHUB1.2_B4_L_10_02
01_VIHUB1.2_B4_L_11,01_VIHUB1.2_B4_L_11_01
,01_VIHUB1.2_B4_L_11_02
,01_VIHUB1.2_B4_L_11_03
,01_VIHUB1.2_B4_L_11_04
01_VIHUB1.2_B4_L_12,01_VIHUB1.2_B4_L_12_01
,01_VIHUB1.2_B4_L_12_02
01_VIHUB1.2_B4_L_13,01_VIHUB1.2_B4_L_13_01
,01_VIHUB1.2_B4_L_13_02
,01_VIHUB1.2_B4_L_13_03
01_VIHUB1.2_B4_L_14,01_VIHUB1.2_B4_L_14_01
01_VIHUB1.2_B4_L_15,01_VIHUB1.2_B4_L_15_01
,01_VIHUB1.2_B4_L_15_02
,01_VIHUB1.2_B4_L_15_03
01_VIHUB1.2_B4_L_16,01_VIHUB1.2_B4_L_16_01
01_VIHUB1.2_B4_L_17,01_VIHUB1.2_B4_L_17_01
,01_VIHUB1.2_B4_L_17_02
01_VIHUB1.2_B4_L_18,01_VIHUB1.2_B4_L_18_01
,01_VIHUB1.2_B4_L_18_02
,01_VIHUB1.2_B4_L_18_03
01_VIHUB1.2_B4_L_19,01_VIHUB1.2_B4_L_19_01
,01_VIHUB1.2_B4_L_19_02
,01_VIHUB1.2_B4_L_19_03
01_VIHUB1.2_B4_L_2,01_VIHUB1.2_B4_L_2_01
,01_VIHUB1.2_B4_L_2_02
01_VIHUB1.2_B4_L_20,01_VIHUB1.2_B4_L_20_01
,01_VIHUB1.2_B4_L_20_02
01_VIHUB1.2_B4_L_21,01_VIHUB1.2_B4_L_21_01
,01_VIHUB1.2_B4_L_21_02
,01_VIHUB1.2_B4_L_21_03
01_VIHUB1.2_B4_L_22,01_VIHUB1.2_B4_L_22_01
01_VIHUB1.2_B4_L_23,01_VIHUB1.2_B4_L_23_01
01_VIHUB1.2_B4_L_24,01_VIHUB1.2_B4_L_24_01
01_VIHUB1.2_B4_L_25,01_VIHUB1.2_B4_L_25_01
,01_VIHUB1.2_B4_L_25_02
01_VIHUB1.2_B4_L_26,01_VIHUB1.2_B4_L_26_01
,01_VIHUB1.2_B4_L_26_02
01_VIHUB1.2_B4_L_27,01_VIHUB1.2_B4_L_27_01
,01_VIHUB1.2_B4_L_27_02
,01_VIHUB1.2_B4_L_27_03
01_VIHUB1.2_B4_L_28,01_VIHUB1.2_B4_L_28_01
01_VIHUB1.2_B4_L_29,01_VIHUB1.2_B4_L_29_01
01_VIHUB1.2_B4_L_3,01_VIHUB1.2_B4_L_3_01
,01_VIHUB1.2_B4_L_3_02
,01_VIHUB1.2_B4_L_3_03
01_VIHUB1.2_B4_L_30,01_VIHUB1.2_B4_L_30_01
,01_VIHUB1.2_B4_L_30_02
01_VIHUB1.2_B4_L_31,01_VIHUB1.2_B4_L_31_01
,01_VIHUB1.2_B4_L_31_02
01_VIHUB1.2_B4_L_33,01_VIHUB1.2_B4_L_33_01
01_VIHUB1.2_B4_L_34,01_VIHUB1.2_B4_L_34_01
01_VIHUB1.2_B4_L_35,01_VIHUB1.2_B4_L_35_01
,01_VIHUB1.2_B4_L_35_02
,01_VIHUB1.2_B4_L_35_03
01_VIHUB1.2_B4_L_36,01_VIHUB1.2_B4_L_36_01
,01_VIHUB1.2_B4_L_36_02
,01_VIHUB1.2_B4_L_36_03
,01_VIHUB1.2_B4_L_36_04
01_VIHUB1.2_B4_L_37,01_VIHUB1.2_B4_L_37_01
01_VIHUB1.2_B4_L_4,01_VIHUB1.2_B4_L_4_01
,01_VIHUB1.2_B4_L_4_02
,01_VIHUB1.2_B4_L_4_03
,01_VIHUB1.2_B4_L_4_04
01_VIHUB1.2_B4_L_5,01_VIHUB1.2_B4_L_5_01
01_VIHUB1.2_B4_L_6,01_VIHUB1.2_B4_L_6_01
,01_VIHUB1.2_B4_L_6_02
01_VIHUB1.2_B4_L_7,01_VIHUB1.2_B4_L_7_01
,01_VIHUB1.2_B4_L_7_02
01_VIHUB1.2_B4_L_8,01_VIHUB1.2_B4_L_8_01
,01_VIHUB1.2_B4_L_8_02
01_VIHUB1.2_B4_L_9,01_VIHUB1.2_B4_L_9_01
,01_VIHUB1.2_B4_L_9_02
,01_VIHUB1.2_B4_L_9_03
01_VIHUB1.2_B5_L_9,01_VIHUB1.2_B5_L_9_01
